{
  "object_001": {
    "vertices": [
      [
        0.0,
        0.0
      ],
      [
        0.04917706759388424,
        -0.08629882472465286
      ],
      [
        0.0745809266146466,
        -0.0910739403100724
      ],
      [
        0.13716599392107054,
        -0.005271081903565705
      ],
      [
        0.10575182435647251,
        0.1070347113379656
      ],
      [
        0.012476733563608955,
        0.05057082908222621
      ]
    ],
    "angles": [
      49.677942866879036,
      64.53835054123412,
      51.73457844798774,
      105.56116333507603,
      44.95234736570479,
      43.535617443118284
    ],
    "side_lengths": [
      0.09932709160138443,
      0.02584874817086673,
      0.1062027361251896,
      0.1166166422301847,
      0.10903399727519368,
      0.052087211813275455
    ],
    "category": "irregular polygon",
    "tags": [
      "irregular polygon"
    ]
  },
  "object_002": {
    "vertices": [
      [
        0.0,
        0.0
      ],
      [
        -0.024924528327513795,
        -0.04009246768447569
      ],
      [
        0.10366309198772594,
        -0.11519614960606078
      ],
      [
        0.15116753220653772,
        -0.07654306025400348
      ],
      [
        0.18306994013298433,
        -0.014307811115615271
      ],
      [
        0.1723319343004232,
        0.018809404471031327
      ]
    ],
    "angles": [
      91.58047206329405,
      69.42208140611156,
      23.725546331480505,
      45.105021646550895,
      78.26407611191838,
      51.90280244064462
    ],
    "side_lengths": [
      0.04720845345253078,
      0.1489138648229737,
      0.061243229478537366,
      0.06993561229318475,
      0.03481457650859113,
      0.17335538433022563
    ],
    "category": "irregular polygon",
    "tags": [
      "irregular polygon"
    ]
  },
  "object_003": {
    "vertices": [
      [
        0.0,
        0.0
      ],
      [
        0.004117963856738738,
        -0.09027410323655474
      ],
      [
        0.09039000155018034,
        -0.09324183571437061
      ],
      [
        0.1276218944820922,
        -0.05282209118267436
      ],
      [
        0.15588354297015466,
        -0.046020428266674074
      ],
      [
        0.133733202542126,
        -0.002288356990331336
      ]
    ],
    "angles": [
      85.41801246198236,
      49.32103842257332,
      33.818962669663115,
      103.3303674012378,
      62.15742471428628,
      93.59211966958335
    ],
    "side_lengths": [
      0.09036797741174442,
      0.08632306715958657,
      0.05495425005676029,
      0.029068598068804356,
      0.04902174659471735,
      0.13375277955948614
    ],
    "category": "irregular polygon",
    "tags": [
      "irregular polygon"
    ]
  }
}